Suite/Test/Step Name,Browser,Description,Tag,Start time,End time,Duration,Status
TestSuite_LienHe,Chrome 135.0.7049.115,,,29-04-2025 17:52:59,29-04-2025 17:53:24,24.776s,PASSED
,,,,,,,
Test Cases/TCs_LienHe,Chrome 135.0.7049.115,,,29-04-2025 17:53:00,29-04-2025 17:53:07,6.998s,PASSED
"DATA BINDING - {""sodienthoai"":""0585746464"",""diachi"":""nothing"",""hovaten"":""Tài thanh"",""email"":""tai@gmail.com""}",,,,,,,
"openBrowser("""")",Chrome 135.0.7049.115,,,29-04-2025 17:53:00,29-04-2025 17:53:03,2.311s,PASSED
"navigateToUrl(""https://xaydungphanmem.com/lien-he"")",Chrome 135.0.7049.115,,,29-04-2025 17:53:03,29-04-2025 17:53:04,1.236s,PASSED
"setText(findTestObject(""Object Repository/Page_Lin h - PLT Solutions - Chia s kin thc/input_Thng tin lin h_name""), hovaten)",Chrome 135.0.7049.115,,,29-04-2025 17:53:04,29-04-2025 17:53:05,0.817s,PASSED
"setText(findTestObject(""Object Repository/Page_Lin h - PLT Solutions - Chia s kin thc/input_Thng tin lin h_email""), email)",Chrome 135.0.7049.115,,,29-04-2025 17:53:05,29-04-2025 17:53:05,0.593s,PASSED
"setText(findTestObject(""Object Repository/Page_Lin h - PLT Solutions - Chia s kin thc/input_Thng tin lin h_number""), sodienthoai)",Chrome 135.0.7049.115,,,29-04-2025 17:53:05,29-04-2025 17:53:06,0.592s,PASSED
"setText(findTestObject(""Object Repository/Page_Lin h - PLT Solutions - Chia s kin thc/textarea_Thng tin lin h_message""), diachi)",Chrome 135.0.7049.115,,,29-04-2025 17:53:06,29-04-2025 17:53:06,0.666s,PASSED
"click(findTestObject(""Object Repository/Page_Lin h - PLT Solutions - Chia s kin thc/button_Gi""))",Chrome 135.0.7049.115,,,29-04-2025 17:53:06,29-04-2025 17:53:07,0.385s,PASSED
,,,,,,,
Test Cases/TCs_LienHe,Chrome 135.0.7049.115,,,29-04-2025 17:53:07,29-04-2025 17:53:13,5.654s,PASSED
"DATA BINDING - {""sodienthoai"":""0585746465"",""diachi"":""nothing"",""hovaten"":""Thanh Tài"",""email"":""tai@gmail.com""}",,,,,,,
"openBrowser("""")",Chrome 135.0.7049.115,,,29-04-2025 17:53:07,29-04-2025 17:53:08,1.408s,PASSED
"navigateToUrl(""https://xaydungphanmem.com/lien-he"")",Chrome 135.0.7049.115,,,29-04-2025 17:53:08,29-04-2025 17:53:10,1.189s,PASSED
"setText(findTestObject(""Object Repository/Page_Lin h - PLT Solutions - Chia s kin thc/input_Thng tin lin h_name""), hovaten)",Chrome 135.0.7049.115,,,29-04-2025 17:53:10,29-04-2025 17:53:10,0.743s,PASSED
"setText(findTestObject(""Object Repository/Page_Lin h - PLT Solutions - Chia s kin thc/input_Thng tin lin h_email""), email)",Chrome 135.0.7049.115,,,29-04-2025 17:53:10,29-04-2025 17:53:11,0.591s,PASSED
"setText(findTestObject(""Object Repository/Page_Lin h - PLT Solutions - Chia s kin thc/input_Thng tin lin h_number""), sodienthoai)",Chrome 135.0.7049.115,,,29-04-2025 17:53:11,29-04-2025 17:53:12,0.622s,PASSED
"setText(findTestObject(""Object Repository/Page_Lin h - PLT Solutions - Chia s kin thc/textarea_Thng tin lin h_message""), diachi)",Chrome 135.0.7049.115,,,29-04-2025 17:53:12,29-04-2025 17:53:12,0.679s,PASSED
"click(findTestObject(""Object Repository/Page_Lin h - PLT Solutions - Chia s kin thc/button_Gi""))",Chrome 135.0.7049.115,,,29-04-2025 17:53:12,29-04-2025 17:53:13,0.372s,PASSED
,,,,,,,
Test Cases/TCs_LienHe,Chrome 135.0.7049.115,,,29-04-2025 17:53:13,29-04-2025 17:53:18,5.838s,PASSED
"DATA BINDING - {""sodienthoai"":""0585746466"",""diachi"":""nothing"",""hovaten"":""Mai Tài"",""email"":""tai@gmail.com""}",,,,,,,
"openBrowser("""")",Chrome 135.0.7049.115,,,29-04-2025 17:53:13,29-04-2025 17:53:14,1.447s,PASSED
"navigateToUrl(""https://xaydungphanmem.com/lien-he"")",Chrome 135.0.7049.115,,,29-04-2025 17:53:14,29-04-2025 17:53:16,1.489s,PASSED
"setText(findTestObject(""Object Repository/Page_Lin h - PLT Solutions - Chia s kin thc/input_Thng tin lin h_name""), hovaten)",Chrome 135.0.7049.115,,,29-04-2025 17:53:16,29-04-2025 17:53:16,0.720s,PASSED
"setText(findTestObject(""Object Repository/Page_Lin h - PLT Solutions - Chia s kin thc/input_Thng tin lin h_email""), email)",Chrome 135.0.7049.115,,,29-04-2025 17:53:16,29-04-2025 17:53:17,0.615s,PASSED
"setText(findTestObject(""Object Repository/Page_Lin h - PLT Solutions - Chia s kin thc/input_Thng tin lin h_number""), sodienthoai)",Chrome 135.0.7049.115,,,29-04-2025 17:53:17,29-04-2025 17:53:18,0.627s,PASSED
"setText(findTestObject(""Object Repository/Page_Lin h - PLT Solutions - Chia s kin thc/textarea_Thng tin lin h_message""), diachi)",Chrome 135.0.7049.115,,,29-04-2025 17:53:18,29-04-2025 17:53:18,0.605s,PASSED
"click(findTestObject(""Object Repository/Page_Lin h - PLT Solutions - Chia s kin thc/button_Gi""))",Chrome 135.0.7049.115,,,29-04-2025 17:53:18,29-04-2025 17:53:18,0.302s,PASSED
,,,,,,,
Test Cases/TCs_LienHe,Chrome 135.0.7049.115,,,29-04-2025 17:53:19,29-04-2025 17:53:24,5.320s,PASSED
"DATA BINDING - {""sodienthoai"":""0585746467"",""diachi"":""nothing"",""hovaten"":""Hậu Nguyễn"",""email"":""hau@gmail.com""}",,,,,,,
"openBrowser("""")",Chrome 135.0.7049.115,,,29-04-2025 17:53:19,29-04-2025 17:53:20,1.268s,PASSED
"navigateToUrl(""https://xaydungphanmem.com/lien-he"")",Chrome 135.0.7049.115,,,29-04-2025 17:53:20,29-04-2025 17:53:21,1.154s,PASSED
"setText(findTestObject(""Object Repository/Page_Lin h - PLT Solutions - Chia s kin thc/input_Thng tin lin h_name""), hovaten)",Chrome 135.0.7049.115,,,29-04-2025 17:53:21,29-04-2025 17:53:22,0.692s,PASSED
"setText(findTestObject(""Object Repository/Page_Lin h - PLT Solutions - Chia s kin thc/input_Thng tin lin h_email""), email)",Chrome 135.0.7049.115,,,29-04-2025 17:53:22,29-04-2025 17:53:22,0.658s,PASSED
"setText(findTestObject(""Object Repository/Page_Lin h - PLT Solutions - Chia s kin thc/input_Thng tin lin h_number""), sodienthoai)",Chrome 135.0.7049.115,,,29-04-2025 17:53:22,29-04-2025 17:53:23,0.576s,PASSED
"setText(findTestObject(""Object Repository/Page_Lin h - PLT Solutions - Chia s kin thc/textarea_Thng tin lin h_message""), diachi)",Chrome 135.0.7049.115,,,29-04-2025 17:53:23,29-04-2025 17:53:24,0.635s,PASSED
"click(findTestObject(""Object Repository/Page_Lin h - PLT Solutions - Chia s kin thc/button_Gi""))",Chrome 135.0.7049.115,,,29-04-2025 17:53:24,29-04-2025 17:53:24,0.320s,PASSED
