Suite/Test/Step Name,Browser,Description,Tag,Start time,End time,Duration,Status
TestSuite_PLTpronet,Chrome 135.0.7049.115,,,29-04-2025 18:06:55,29-04-2025 18:08:14,1m - 19.374s,PASSED
,,,,,,,
Test Cases/TCs_PLTpronet,Chrome 135.0.7049.115,,,29-04-2025 18:06:56,29-04-2025 18:07:13,17.237s,PASSED
"DATA BINDING - {""sodienthoai"":""898878676"",""diachi"":""Nguyen An Ninh street"",""hovaten"":""Tài Thanh"",""ghichu"":""giao hàng tận nơi"",""tongsoluong"":""2"",""soluong"":""1"",""email"":""taithanh1@gmail.com""}",,,,,,,
"openBrowser("""")",Chrome 135.0.7049.115,,,29-04-2025 18:06:56,29-04-2025 18:06:58,2.389s,PASSED
"navigateToUrl(""https://pltpro.net/san-pham/1766/lenovo-e580-thi-truong-nhat-manh-me-core-i5-th8-ram-8gb-ssd-128gb-hdd-500gb-pin-lau-3-4h"")",Chrome 135.0.7049.115,,,29-04-2025 18:06:58,29-04-2025 18:07:00,1.186s,PASSED
"setText(findTestObject(""Object Repository/Page_LENOVO E580 TH TRNG NHT MNH M, CORE I5_624966/input_S lng_Quantity""), soluong)",Chrome 135.0.7049.115,,,29-04-2025 18:07:00,29-04-2025 18:07:00,0.829s,PASSED
"click(findTestObject(""Object Repository/Page_LENOVO E580 TH TRNG NHT MNH M, CORE I5_624966/button_Thm vo gi hng""))",Chrome 135.0.7049.115,,,29-04-2025 18:07:00,29-04-2025 18:07:01,0.791s,PASSED
"setText(findTestObject(""Object Repository/Page_Gi hng - PLT SOLUTIONS (Panda Laptop)/input_LENOVO E580 TH TRNG NHT MNH  M, CORE _f3f92c""), tongsoluong)",Chrome 135.0.7049.115,,,29-04-2025 18:07:01,29-04-2025 18:07:02,0.811s,PASSED
"setText(findTestObject(""Object Repository/Page_Gi hng - PLT SOLUTIONS (Panda Laptop)/input__Name""), hovaten)",Chrome 135.0.7049.115,,,29-04-2025 18:07:02,29-04-2025 18:07:03,0.645s,PASSED
"setText(findTestObject(""Object Repository/Page_Gi hng - PLT SOLUTIONS (Panda Laptop)/input__Phone""), sodienthoai)",Chrome 135.0.7049.115,,,29-04-2025 18:07:03,29-04-2025 18:07:03,0.674s,PASSED
"setText(findTestObject(""Object Repository/Page_Gi hng - PLT SOLUTIONS (Panda Laptop)/input_Email_Email""), email)",Chrome 135.0.7049.115,,,29-04-2025 18:07:03,29-04-2025 18:07:04,0.708s,PASSED
"setText(findTestObject(""Object Repository/Page_Gi hng - PLT SOLUTIONS (Panda Laptop)/input_a ch_Address""), diachi)",Chrome 135.0.7049.115,,,29-04-2025 18:07:04,29-04-2025 18:07:05,0.741s,PASSED
"setText(findTestObject(""Object Repository/Page_Gi hng - PLT SOLUTIONS (Panda Laptop)/textarea_Ghi ch_Note""), ghichu)",Chrome 135.0.7049.115,,,29-04-2025 18:07:05,29-04-2025 18:07:05,0.687s,PASSED
"click(findTestObject(""Object Repository/Page_Gi hng - PLT SOLUTIONS (Panda Laptop)/a_Tip tc mua hng""))",Chrome 135.0.7049.115,,,29-04-2025 18:07:05,29-04-2025 18:07:13,7.294s,PASSED
,,,,,,,
Test Cases/TCs_PLTpronet,Chrome 135.0.7049.115,,,29-04-2025 18:07:13,29-04-2025 18:07:31,17.912s,PASSED
"DATA BINDING - {""sodienthoai"":""898878676"",""diachi"":""Nguyen An Ninh street"",""hovaten"":""Tài Thanh"",""ghichu"":""giao hàng tận nơi"",""tongsoluong"":""1"",""soluong"":""1"",""email"":""taithanh1@gmail.com""}",,,,,,,
"openBrowser("""")",Chrome 135.0.7049.115,,,29-04-2025 18:07:13,29-04-2025 18:07:14,1.221s,PASSED
"navigateToUrl(""https://pltpro.net/san-pham/1766/lenovo-e580-thi-truong-nhat-manh-me-core-i5-th8-ram-8gb-ssd-128gb-hdd-500gb-pin-lau-3-4h"")",Chrome 135.0.7049.115,,,29-04-2025 18:07:14,29-04-2025 18:07:15,1.125s,PASSED
"setText(findTestObject(""Object Repository/Page_LENOVO E580 TH TRNG NHT MNH M, CORE I5_624966/input_S lng_Quantity""), soluong)",Chrome 135.0.7049.115,,,29-04-2025 18:07:15,29-04-2025 18:07:16,0.850s,PASSED
"click(findTestObject(""Object Repository/Page_LENOVO E580 TH TRNG NHT MNH M, CORE I5_624966/button_Thm vo gi hng""))",Chrome 135.0.7049.115,,,29-04-2025 18:07:16,29-04-2025 18:07:17,0.825s,PASSED
"setText(findTestObject(""Object Repository/Page_Gi hng - PLT SOLUTIONS (Panda Laptop)/input_LENOVO E580 TH TRNG NHT MNH  M, CORE _f3f92c""), tongsoluong)",Chrome 135.0.7049.115,,,29-04-2025 18:07:17,29-04-2025 18:07:18,0.794s,PASSED
"setText(findTestObject(""Object Repository/Page_Gi hng - PLT SOLUTIONS (Panda Laptop)/input__Name""), hovaten)",Chrome 135.0.7049.115,,,29-04-2025 18:07:18,29-04-2025 18:07:18,0.609s,PASSED
"setText(findTestObject(""Object Repository/Page_Gi hng - PLT SOLUTIONS (Panda Laptop)/input__Phone""), sodienthoai)",Chrome 135.0.7049.115,,,29-04-2025 18:07:18,29-04-2025 18:07:19,0.808s,PASSED
"setText(findTestObject(""Object Repository/Page_Gi hng - PLT SOLUTIONS (Panda Laptop)/input_Email_Email""), email)",Chrome 135.0.7049.115,,,29-04-2025 18:07:19,29-04-2025 18:07:20,0.686s,PASSED
"setText(findTestObject(""Object Repository/Page_Gi hng - PLT SOLUTIONS (Panda Laptop)/input_a ch_Address""), diachi)",Chrome 135.0.7049.115,,,29-04-2025 18:07:20,29-04-2025 18:07:20,0.670s,PASSED
"setText(findTestObject(""Object Repository/Page_Gi hng - PLT SOLUTIONS (Panda Laptop)/textarea_Ghi ch_Note""), ghichu)",Chrome 135.0.7049.115,,,29-04-2025 18:07:20,29-04-2025 18:07:21,0.569s,PASSED
"click(findTestObject(""Object Repository/Page_Gi hng - PLT SOLUTIONS (Panda Laptop)/a_Tip tc mua hng""))",Chrome 135.0.7049.115,,,29-04-2025 18:07:21,29-04-2025 18:07:31,9.734s,PASSED
,,,,,,,
Test Cases/TCs_PLTpronet,Chrome 135.0.7049.115,,,29-04-2025 18:07:31,29-04-2025 18:07:45,14.470s,PASSED
"DATA BINDING - {""sodienthoai"":""898878676"",""diachi"":""Nguyen An Ninh street"",""hovaten"":""Tài Thanh"",""ghichu"":""giao hàng tận nơi"",""tongsoluong"":""1"",""soluong"":""1"",""email"":""taithanh1@gmail.com""}",,,,,,,
"openBrowser("""")",Chrome 135.0.7049.115,,,29-04-2025 18:07:31,29-04-2025 18:07:32,1.372s,PASSED
"navigateToUrl(""https://pltpro.net/san-pham/1766/lenovo-e580-thi-truong-nhat-manh-me-core-i5-th8-ram-8gb-ssd-128gb-hdd-500gb-pin-lau-3-4h"")",Chrome 135.0.7049.115,,,29-04-2025 18:07:32,29-04-2025 18:07:33,1.268s,PASSED
"setText(findTestObject(""Object Repository/Page_LENOVO E580 TH TRNG NHT MNH M, CORE I5_624966/input_S lng_Quantity""), soluong)",Chrome 135.0.7049.115,,,29-04-2025 18:07:33,29-04-2025 18:07:34,0.884s,PASSED
"click(findTestObject(""Object Repository/Page_LENOVO E580 TH TRNG NHT MNH M, CORE I5_624966/button_Thm vo gi hng""))",Chrome 135.0.7049.115,,,29-04-2025 18:07:34,29-04-2025 18:07:35,0.713s,PASSED
"setText(findTestObject(""Object Repository/Page_Gi hng - PLT SOLUTIONS (Panda Laptop)/input_LENOVO E580 TH TRNG NHT MNH  M, CORE _f3f92c""), tongsoluong)",Chrome 135.0.7049.115,,,29-04-2025 18:07:35,29-04-2025 18:07:36,0.794s,PASSED
"setText(findTestObject(""Object Repository/Page_Gi hng - PLT SOLUTIONS (Panda Laptop)/input__Name""), hovaten)",Chrome 135.0.7049.115,,,29-04-2025 18:07:36,29-04-2025 18:07:36,0.581s,PASSED
"setText(findTestObject(""Object Repository/Page_Gi hng - PLT SOLUTIONS (Panda Laptop)/input__Phone""), sodienthoai)",Chrome 135.0.7049.115,,,29-04-2025 18:07:36,29-04-2025 18:07:37,0.937s,PASSED
"setText(findTestObject(""Object Repository/Page_Gi hng - PLT SOLUTIONS (Panda Laptop)/input_Email_Email""), email)",Chrome 135.0.7049.115,,,29-04-2025 18:07:37,29-04-2025 18:07:38,0.711s,PASSED
"setText(findTestObject(""Object Repository/Page_Gi hng - PLT SOLUTIONS (Panda Laptop)/input_a ch_Address""), diachi)",Chrome 135.0.7049.115,,,29-04-2025 18:07:38,29-04-2025 18:07:39,0.610s,PASSED
"setText(findTestObject(""Object Repository/Page_Gi hng - PLT SOLUTIONS (Panda Laptop)/textarea_Ghi ch_Note""), ghichu)",Chrome 135.0.7049.115,,,29-04-2025 18:07:39,29-04-2025 18:07:39,0.627s,PASSED
"click(findTestObject(""Object Repository/Page_Gi hng - PLT SOLUTIONS (Panda Laptop)/a_Tip tc mua hng""))",Chrome 135.0.7049.115,,,29-04-2025 18:07:39,29-04-2025 18:07:45,5.941s,PASSED
,,,,,,,
Test Cases/TCs_PLTpronet,Chrome 135.0.7049.115,,,29-04-2025 18:07:45,29-04-2025 18:07:59,14.304s,PASSED
"DATA BINDING - {""sodienthoai"":""898878676"",""diachi"":""Nguyen An Ninh street"",""hovaten"":""Tài Thanh"",""ghichu"":""giao hàng tận nơi"",""tongsoluong"":""1"",""soluong"":""1"",""email"":""taithanh1@gmail.com""}",,,,,,,
"openBrowser("""")",Chrome 135.0.7049.115,,,29-04-2025 18:07:45,29-04-2025 18:07:46,1.264s,PASSED
"navigateToUrl(""https://pltpro.net/san-pham/1766/lenovo-e580-thi-truong-nhat-manh-me-core-i5-th8-ram-8gb-ssd-128gb-hdd-500gb-pin-lau-3-4h"")",Chrome 135.0.7049.115,,,29-04-2025 18:07:46,29-04-2025 18:07:48,1.298s,PASSED
"setText(findTestObject(""Object Repository/Page_LENOVO E580 TH TRNG NHT MNH M, CORE I5_624966/input_S lng_Quantity""), soluong)",Chrome 135.0.7049.115,,,29-04-2025 18:07:48,29-04-2025 18:07:49,0.883s,PASSED
"click(findTestObject(""Object Repository/Page_LENOVO E580 TH TRNG NHT MNH M, CORE I5_624966/button_Thm vo gi hng""))",Chrome 135.0.7049.115,,,29-04-2025 18:07:49,29-04-2025 18:07:49,0.694s,PASSED
"setText(findTestObject(""Object Repository/Page_Gi hng - PLT SOLUTIONS (Panda Laptop)/input_LENOVO E580 TH TRNG NHT MNH  M, CORE _f3f92c""), tongsoluong)",Chrome 135.0.7049.115,,,29-04-2025 18:07:49,29-04-2025 18:07:50,0.808s,PASSED
"setText(findTestObject(""Object Repository/Page_Gi hng - PLT SOLUTIONS (Panda Laptop)/input__Name""), hovaten)",Chrome 135.0.7049.115,,,29-04-2025 18:07:50,29-04-2025 18:07:51,0.597s,PASSED
"setText(findTestObject(""Object Repository/Page_Gi hng - PLT SOLUTIONS (Panda Laptop)/input__Phone""), sodienthoai)",Chrome 135.0.7049.115,,,29-04-2025 18:07:51,29-04-2025 18:07:52,0.809s,PASSED
"setText(findTestObject(""Object Repository/Page_Gi hng - PLT SOLUTIONS (Panda Laptop)/input_Email_Email""), email)",Chrome 135.0.7049.115,,,29-04-2025 18:07:52,29-04-2025 18:07:52,0.641s,PASSED
"setText(findTestObject(""Object Repository/Page_Gi hng - PLT SOLUTIONS (Panda Laptop)/input_a ch_Address""), diachi)",Chrome 135.0.7049.115,,,29-04-2025 18:07:52,29-04-2025 18:07:53,0.684s,PASSED
"setText(findTestObject(""Object Repository/Page_Gi hng - PLT SOLUTIONS (Panda Laptop)/textarea_Ghi ch_Note""), ghichu)",Chrome 135.0.7049.115,,,29-04-2025 18:07:53,29-04-2025 18:07:54,0.699s,PASSED
"click(findTestObject(""Object Repository/Page_Gi hng - PLT SOLUTIONS (Panda Laptop)/a_Tip tc mua hng""))",Chrome 135.0.7049.115,,,29-04-2025 18:07:54,29-04-2025 18:07:59,5.899s,PASSED
,,,,,,,
Test Cases/TCs_PLTpronet,Chrome 135.0.7049.115,,,29-04-2025 18:07:59,29-04-2025 18:08:14,14.464s,PASSED
"DATA BINDING - {""sodienthoai"":""898878676"",""diachi"":""Nguyen An Ninh street"",""hovaten"":""Tài Thanh"",""ghichu"":""giao hàng tận nơi"",""tongsoluong"":""1"",""soluong"":""1"",""email"":""taithanh1@gmail.com""}",,,,,,,
"openBrowser("""")",Chrome 135.0.7049.115,,,29-04-2025 18:08:00,29-04-2025 18:08:01,1.432s,PASSED
"navigateToUrl(""https://pltpro.net/san-pham/1766/lenovo-e580-thi-truong-nhat-manh-me-core-i5-th8-ram-8gb-ssd-128gb-hdd-500gb-pin-lau-3-4h"")",Chrome 135.0.7049.115,,,29-04-2025 18:08:01,29-04-2025 18:08:02,1.234s,PASSED
"setText(findTestObject(""Object Repository/Page_LENOVO E580 TH TRNG NHT MNH M, CORE I5_624966/input_S lng_Quantity""), soluong)",Chrome 135.0.7049.115,,,29-04-2025 18:08:02,29-04-2025 18:08:03,0.889s,PASSED
"click(findTestObject(""Object Repository/Page_LENOVO E580 TH TRNG NHT MNH M, CORE I5_624966/button_Thm vo gi hng""))",Chrome 135.0.7049.115,,,29-04-2025 18:08:03,29-04-2025 18:08:04,0.739s,PASSED
"setText(findTestObject(""Object Repository/Page_Gi hng - PLT SOLUTIONS (Panda Laptop)/input_LENOVO E580 TH TRNG NHT MNH  M, CORE _f3f92c""), tongsoluong)",Chrome 135.0.7049.115,,,29-04-2025 18:08:04,29-04-2025 18:08:05,0.801s,PASSED
"setText(findTestObject(""Object Repository/Page_Gi hng - PLT SOLUTIONS (Panda Laptop)/input__Name""), hovaten)",Chrome 135.0.7049.115,,,29-04-2025 18:08:05,29-04-2025 18:08:05,0.574s,PASSED
"setText(findTestObject(""Object Repository/Page_Gi hng - PLT SOLUTIONS (Panda Laptop)/input__Phone""), sodienthoai)",Chrome 135.0.7049.115,,,29-04-2025 18:08:05,29-04-2025 18:08:06,0.757s,PASSED
"setText(findTestObject(""Object Repository/Page_Gi hng - PLT SOLUTIONS (Panda Laptop)/input_Email_Email""), email)",Chrome 135.0.7049.115,,,29-04-2025 18:08:06,29-04-2025 18:08:07,0.591s,PASSED
"setText(findTestObject(""Object Repository/Page_Gi hng - PLT SOLUTIONS (Panda Laptop)/input_a ch_Address""), diachi)",Chrome 135.0.7049.115,,,29-04-2025 18:08:07,29-04-2025 18:08:07,0.584s,PASSED
"setText(findTestObject(""Object Repository/Page_Gi hng - PLT SOLUTIONS (Panda Laptop)/textarea_Ghi ch_Note""), ghichu)",Chrome 135.0.7049.115,,,29-04-2025 18:08:07,29-04-2025 18:08:08,0.565s,PASSED
"click(findTestObject(""Object Repository/Page_Gi hng - PLT SOLUTIONS (Panda Laptop)/a_Tip tc mua hng""))",Chrome 135.0.7049.115,,,29-04-2025 18:08:08,29-04-2025 18:08:14,6.250s,PASSED
