Suite/Test/Step Name,Browser,Description,Tag,Start time,End time,Duration,Status
TestSuite_LienHe,Chrome 135.0.7049.115,,,29-04-2025 18:02:09,29-04-2025 18:02:33,24.030s,PASSED
,,,,,,,
Test Cases/TCs_LienHe,Chrome 135.0.7049.115,,,29-04-2025 18:02:10,29-04-2025 18:02:17,6.895s,PASSED
"DATA BINDING - {""sodienthoai"":""0585746464"",""diachi"":""nothing"",""hovaten"":""Tài thanh"",""email"":""tai@gmail.com""}",,,,,,,
"openBrowser("""")",Chrome 135.0.7049.115,,,29-04-2025 18:02:10,29-04-2025 18:02:12,2.239s,PASSED
"navigateToUrl(""https://xaydungphanmem.com/lien-he"")",Chrome 135.0.7049.115,,,29-04-2025 18:02:12,29-04-2025 18:02:14,1.265s,PASSED
"setText(findTestObject(""Object Repository/Page_Lin h - PLT Solutions - Chia s kin thc/input_Thng tin lin h_name""), hovaten)",Chrome 135.0.7049.115,,,29-04-2025 18:02:14,29-04-2025 18:02:14,0.747s,PASSED
"setText(findTestObject(""Object Repository/Page_Lin h - PLT Solutions - Chia s kin thc/input_Thng tin lin h_email""), email)",Chrome 135.0.7049.115,,,29-04-2025 18:02:14,29-04-2025 18:02:15,0.626s,PASSED
"setText(findTestObject(""Object Repository/Page_Lin h - PLT Solutions - Chia s kin thc/input_Thng tin lin h_number""), sodienthoai)",Chrome 135.0.7049.115,,,29-04-2025 18:02:15,29-04-2025 18:02:16,0.580s,PASSED
"setText(findTestObject(""Object Repository/Page_Lin h - PLT Solutions - Chia s kin thc/textarea_Thng tin lin h_message""), diachi)",Chrome 135.0.7049.115,,,29-04-2025 18:02:16,29-04-2025 18:02:16,0.613s,PASSED
"click(findTestObject(""Object Repository/Page_Lin h - PLT Solutions - Chia s kin thc/button_Gi""))",Chrome 135.0.7049.115,,,29-04-2025 18:02:16,29-04-2025 18:02:17,0.338s,PASSED
,,,,,,,
Test Cases/TCs_LienHe,Chrome 135.0.7049.115,,,29-04-2025 18:02:17,29-04-2025 18:02:22,5.623s,PASSED
"DATA BINDING - {""sodienthoai"":""0585746465"",""diachi"":""nothing"",""hovaten"":""Thanh Tài"",""email"":""tai@gmail.com""}",,,,,,,
"openBrowser("""")",Chrome 135.0.7049.115,,,29-04-2025 18:02:17,29-04-2025 18:02:18,1.452s,PASSED
"navigateToUrl(""https://xaydungphanmem.com/lien-he"")",Chrome 135.0.7049.115,,,29-04-2025 18:02:18,29-04-2025 18:02:19,1.208s,PASSED
"setText(findTestObject(""Object Repository/Page_Lin h - PLT Solutions - Chia s kin thc/input_Thng tin lin h_name""), hovaten)",Chrome 135.0.7049.115,,,29-04-2025 18:02:19,29-04-2025 18:02:20,0.684s,PASSED
"setText(findTestObject(""Object Repository/Page_Lin h - PLT Solutions - Chia s kin thc/input_Thng tin lin h_email""), email)",Chrome 135.0.7049.115,,,29-04-2025 18:02:20,29-04-2025 18:02:21,0.648s,PASSED
"setText(findTestObject(""Object Repository/Page_Lin h - PLT Solutions - Chia s kin thc/input_Thng tin lin h_number""), sodienthoai)",Chrome 135.0.7049.115,,,29-04-2025 18:02:21,29-04-2025 18:02:21,0.612s,PASSED
"setText(findTestObject(""Object Repository/Page_Lin h - PLT Solutions - Chia s kin thc/textarea_Thng tin lin h_message""), diachi)",Chrome 135.0.7049.115,,,29-04-2025 18:02:21,29-04-2025 18:02:22,0.628s,PASSED
"click(findTestObject(""Object Repository/Page_Lin h - PLT Solutions - Chia s kin thc/button_Gi""))",Chrome 135.0.7049.115,,,29-04-2025 18:02:22,29-04-2025 18:02:22,0.326s,PASSED
,,,,,,,
Test Cases/TCs_LienHe,Chrome 135.0.7049.115,,,29-04-2025 18:02:22,29-04-2025 18:02:28,5.221s,PASSED
"DATA BINDING - {""sodienthoai"":""0585746466"",""diachi"":""nothing"",""hovaten"":""Mai Tài"",""email"":""tai@gmail.com""}",,,,,,,
"openBrowser("""")",Chrome 135.0.7049.115,,,29-04-2025 18:02:22,29-04-2025 18:02:24,1.251s,PASSED
"navigateToUrl(""https://xaydungphanmem.com/lien-he"")",Chrome 135.0.7049.115,,,29-04-2025 18:02:24,29-04-2025 18:02:25,1.173s,PASSED
"setText(findTestObject(""Object Repository/Page_Lin h - PLT Solutions - Chia s kin thc/input_Thng tin lin h_name""), hovaten)",Chrome 135.0.7049.115,,,29-04-2025 18:02:25,29-04-2025 18:02:25,0.652s,PASSED
"setText(findTestObject(""Object Repository/Page_Lin h - PLT Solutions - Chia s kin thc/input_Thng tin lin h_email""), email)",Chrome 135.0.7049.115,,,29-04-2025 18:02:25,29-04-2025 18:02:26,0.601s,PASSED
"setText(findTestObject(""Object Repository/Page_Lin h - PLT Solutions - Chia s kin thc/input_Thng tin lin h_number""), sodienthoai)",Chrome 135.0.7049.115,,,29-04-2025 18:02:26,29-04-2025 18:02:27,0.586s,PASSED
"setText(findTestObject(""Object Repository/Page_Lin h - PLT Solutions - Chia s kin thc/textarea_Thng tin lin h_message""), diachi)",Chrome 135.0.7049.115,,,29-04-2025 18:02:27,29-04-2025 18:02:27,0.604s,PASSED
"click(findTestObject(""Object Repository/Page_Lin h - PLT Solutions - Chia s kin thc/button_Gi""))",Chrome 135.0.7049.115,,,29-04-2025 18:02:27,29-04-2025 18:02:28,0.319s,PASSED
,,,,,,,
Test Cases/TCs_LienHe,Chrome 135.0.7049.115,,,29-04-2025 18:02:28,29-04-2025 18:02:33,5.416s,PASSED
"DATA BINDING - {""sodienthoai"":""0585746467"",""diachi"":""nothing"",""hovaten"":""Hậu Nguyễn"",""email"":""hau@gmail.com""}",,,,,,,
"openBrowser("""")",Chrome 135.0.7049.115,,,29-04-2025 18:02:28,29-04-2025 18:02:29,1.231s,PASSED
"navigateToUrl(""https://xaydungphanmem.com/lien-he"")",Chrome 135.0.7049.115,,,29-04-2025 18:02:29,29-04-2025 18:02:30,1.458s,PASSED
"setText(findTestObject(""Object Repository/Page_Lin h - PLT Solutions - Chia s kin thc/input_Thng tin lin h_name""), hovaten)",Chrome 135.0.7049.115,,,29-04-2025 18:02:30,29-04-2025 18:02:31,0.623s,PASSED
"setText(findTestObject(""Object Repository/Page_Lin h - PLT Solutions - Chia s kin thc/input_Thng tin lin h_email""), email)",Chrome 135.0.7049.115,,,29-04-2025 18:02:31,29-04-2025 18:02:32,0.603s,PASSED
"setText(findTestObject(""Object Repository/Page_Lin h - PLT Solutions - Chia s kin thc/input_Thng tin lin h_number""), sodienthoai)",Chrome 135.0.7049.115,,,29-04-2025 18:02:32,29-04-2025 18:02:32,0.596s,PASSED
"setText(findTestObject(""Object Repository/Page_Lin h - PLT Solutions - Chia s kin thc/textarea_Thng tin lin h_message""), diachi)",Chrome 135.0.7049.115,,,29-04-2025 18:02:32,29-04-2025 18:02:33,0.577s,PASSED
"click(findTestObject(""Object Repository/Page_Lin h - PLT Solutions - Chia s kin thc/button_Gi""))",Chrome 135.0.7049.115,,,29-04-2025 18:02:33,29-04-2025 18:02:33,0.301s,PASSED
