Suite/Test/Step Name,Browser,Description,Tag,Start time,End time,Duration,Status
TestSuite_PLTpronet,Chrome 135.0.7049.115,,,29-04-2025 10:53:18,29-04-2025 11:02:58,9m - 40.498s,PASSED
,,,,,,,
Test Cases/TCs_PLTpronet,Chrome 135.0.7049.115,,,29-04-2025 10:53:18,29-04-2025 10:55:10,1m - 51.836s,PASSED
"DATA BINDING - {""sodienthoai"":""898878676"",""diachi"":""Nguyen An Ninh street"",""hovaten"":""Tài Thanh"",""ghichu"":""giao hàng tận nơi"",""tongsoluong"":""2"",""soluong"":""1"",""email"":""taithanh1@gmail.com""}",,,,,,,
"openBrowser("""")",Chrome 135.0.7049.115,,,29-04-2025 10:53:19,29-04-2025 10:53:21,1.891s,PASSED
"navigateToUrl(""https://pltpro.net/san-pham/1766/lenovo-e580-thi-truong-nhat-manh-me-core-i5-th8-ram-8gb-ssd-128gb-hdd-500gb-pin-lau-3-4h"")",Chrome 135.0.7049.115,,,29-04-2025 10:53:21,29-04-2025 10:53:24,3.729s,PASSED
"setText(findTestObject(""Object Repository/Page_LENOVO E580 TH TRNG NHT MNH M, CORE I5_624966/input_S lng_Quantity""), soluong)",Chrome 135.0.7049.115,,,29-04-2025 10:53:24,29-04-2025 10:53:26,1.376s,PASSED
"click(findTestObject(""Object Repository/Page_LENOVO E580 TH TRNG NHT MNH M, CORE I5_624966/button_Thm vo gi hng""))",Chrome 135.0.7049.115,,,29-04-2025 10:53:26,29-04-2025 10:53:26,0.325s,PASSED
"setText(findTestObject(""Object Repository/Page_Gi hng - PLT SOLUTIONS (Panda Laptop)/input_LENOVO E580 TH TRNG NHT MNH  M, CORE _f3f92c""), tongsoluong)",Chrome 135.0.7049.115,,,29-04-2025 10:53:26,29-04-2025 10:53:28,1.765s,PASSED
"setText(findTestObject(""Object Repository/Page_Gi hng - PLT SOLUTIONS (Panda Laptop)/input__Name""), hovaten)",Chrome 135.0.7049.115,,,29-04-2025 10:53:28,29-04-2025 10:53:29,0.818s,PASSED
"setText(findTestObject(""Object Repository/Page_Gi hng - PLT SOLUTIONS (Panda Laptop)/input__Phone""), sodienthoai)",Chrome 135.0.7049.115,,,29-04-2025 10:53:29,29-04-2025 10:53:29,0.596s,PASSED
"setText(findTestObject(""Object Repository/Page_Gi hng - PLT SOLUTIONS (Panda Laptop)/input_Email_Email""), email)",Chrome 135.0.7049.115,,,29-04-2025 10:53:29,29-04-2025 10:53:30,0.567s,PASSED
"setText(findTestObject(""Object Repository/Page_Gi hng - PLT SOLUTIONS (Panda Laptop)/input_a ch_Address""), diachi)",Chrome 135.0.7049.115,,,29-04-2025 10:53:30,29-04-2025 10:53:31,0.577s,PASSED
"setText(findTestObject(""Object Repository/Page_Gi hng - PLT SOLUTIONS (Panda Laptop)/textarea_Ghi ch_Note""), ghichu)",Chrome 135.0.7049.115,,,29-04-2025 10:53:31,29-04-2025 10:53:31,0.552s,PASSED
"click(findTestObject(""Object Repository/Page_Gi hng - PLT SOLUTIONS (Panda Laptop)/a_Tip tc mua hng""))",Chrome 135.0.7049.115,,,29-04-2025 10:53:31,29-04-2025 10:55:10,1m - 39.256s,PASSED
,,,,,,,
Test Cases/TCs_PLTpronet,Chrome 135.0.7049.115,,,29-04-2025 10:55:10,29-04-2025 10:58:18,3m - 7.765s,PASSED
"DATA BINDING - {""sodienthoai"":""898878676"",""diachi"":""Nguyen An Ninh street"",""hovaten"":""Tài Thanh"",""ghichu"":""giao hàng tận nơi"",""tongsoluong"":""1"",""soluong"":""1"",""email"":""taithanh1@gmail.com""}",,,,,,,
"openBrowser("""")",Chrome 135.0.7049.115,,,29-04-2025 10:55:10,29-04-2025 10:55:15,4.971s,PASSED
"navigateToUrl(""https://pltpro.net/san-pham/1766/lenovo-e580-thi-truong-nhat-manh-me-core-i5-th8-ram-8gb-ssd-128gb-hdd-500gb-pin-lau-3-4h"")",Chrome 135.0.7049.115,,,29-04-2025 10:55:15,29-04-2025 10:55:28,13.067s,PASSED
"setText(findTestObject(""Object Repository/Page_LENOVO E580 TH TRNG NHT MNH M, CORE I5_624966/input_S lng_Quantity""), soluong)",Chrome 135.0.7049.115,,,29-04-2025 10:55:28,29-04-2025 10:55:29,0.915s,PASSED
"click(findTestObject(""Object Repository/Page_LENOVO E580 TH TRNG NHT MNH M, CORE I5_624966/button_Thm vo gi hng""))",Chrome 135.0.7049.115,,,29-04-2025 10:55:29,29-04-2025 10:55:30,0.375s,PASSED
"setText(findTestObject(""Object Repository/Page_Gi hng - PLT SOLUTIONS (Panda Laptop)/input_LENOVO E580 TH TRNG NHT MNH  M, CORE _f3f92c""), tongsoluong)",Chrome 135.0.7049.115,,,29-04-2025 10:55:30,29-04-2025 10:55:31,1.434s,PASSED
"setText(findTestObject(""Object Repository/Page_Gi hng - PLT SOLUTIONS (Panda Laptop)/input__Name""), hovaten)",Chrome 135.0.7049.115,,,29-04-2025 10:55:31,29-04-2025 10:55:32,0.649s,PASSED
"setText(findTestObject(""Object Repository/Page_Gi hng - PLT SOLUTIONS (Panda Laptop)/input__Phone""), sodienthoai)",Chrome 135.0.7049.115,,,29-04-2025 10:55:32,29-04-2025 10:55:32,0.573s,PASSED
"setText(findTestObject(""Object Repository/Page_Gi hng - PLT SOLUTIONS (Panda Laptop)/input_Email_Email""), email)",Chrome 135.0.7049.115,,,29-04-2025 10:55:32,29-04-2025 10:55:33,0.679s,PASSED
"setText(findTestObject(""Object Repository/Page_Gi hng - PLT SOLUTIONS (Panda Laptop)/input_a ch_Address""), diachi)",Chrome 135.0.7049.115,,,29-04-2025 10:55:33,29-04-2025 10:55:34,0.586s,PASSED
"setText(findTestObject(""Object Repository/Page_Gi hng - PLT SOLUTIONS (Panda Laptop)/textarea_Ghi ch_Note""), ghichu)",Chrome 135.0.7049.115,,,29-04-2025 10:55:34,29-04-2025 10:55:34,0.600s,PASSED
"click(findTestObject(""Object Repository/Page_Gi hng - PLT SOLUTIONS (Panda Laptop)/a_Tip tc mua hng""))",Chrome 135.0.7049.115,,,29-04-2025 10:55:34,29-04-2025 10:58:18,2m - 43.828s,PASSED
,,,,,,,
Test Cases/TCs_PLTpronet,Chrome 135.0.7049.115,,,29-04-2025 10:59:03,29-04-2025 10:59:53,50.552s,PASSED
"DATA BINDING - {""sodienthoai"":""898878676"",""diachi"":""Nguyen An Ninh street"",""hovaten"":""Tài Thanh"",""ghichu"":""giao hàng tận nơi"",""tongsoluong"":""1"",""soluong"":""1"",""email"":""taithanh1@gmail.com""}",,,,,,,
"openBrowser("""")",Chrome 135.0.7049.115,,,29-04-2025 10:59:03,29-04-2025 10:59:04,0.973s,PASSED
"navigateToUrl(""https://pltpro.net/san-pham/1766/lenovo-e580-thi-truong-nhat-manh-me-core-i5-th8-ram-8gb-ssd-128gb-hdd-500gb-pin-lau-3-4h"")",Chrome 135.0.7049.115,,,29-04-2025 10:59:04,29-04-2025 10:59:16,12.183s,PASSED
"setText(findTestObject(""Object Repository/Page_LENOVO E580 TH TRNG NHT MNH M, CORE I5_624966/input_S lng_Quantity""), soluong)",Chrome 135.0.7049.115,,,29-04-2025 10:59:16,29-04-2025 10:59:17,0.803s,PASSED
"click(findTestObject(""Object Repository/Page_LENOVO E580 TH TRNG NHT MNH M, CORE I5_624966/button_Thm vo gi hng""))",Chrome 135.0.7049.115,,,29-04-2025 10:59:17,29-04-2025 10:59:18,0.946s,PASSED
"setText(findTestObject(""Object Repository/Page_Gi hng - PLT SOLUTIONS (Panda Laptop)/input_LENOVO E580 TH TRNG NHT MNH  M, CORE _f3f92c""), tongsoluong)",Chrome 135.0.7049.115,,,29-04-2025 10:59:18,29-04-2025 10:59:19,0.786s,PASSED
"setText(findTestObject(""Object Repository/Page_Gi hng - PLT SOLUTIONS (Panda Laptop)/input__Name""), hovaten)",Chrome 135.0.7049.115,,,29-04-2025 10:59:19,29-04-2025 10:59:19,0.549s,PASSED
"setText(findTestObject(""Object Repository/Page_Gi hng - PLT SOLUTIONS (Panda Laptop)/input__Phone""), sodienthoai)",Chrome 135.0.7049.115,,,29-04-2025 10:59:19,29-04-2025 10:59:20,0.764s,PASSED
"setText(findTestObject(""Object Repository/Page_Gi hng - PLT SOLUTIONS (Panda Laptop)/input_Email_Email""), email)",Chrome 135.0.7049.115,,,29-04-2025 10:59:20,29-04-2025 10:59:20,0.534s,PASSED
"setText(findTestObject(""Object Repository/Page_Gi hng - PLT SOLUTIONS (Panda Laptop)/input_a ch_Address""), diachi)",Chrome 135.0.7049.115,,,29-04-2025 10:59:20,29-04-2025 10:59:21,0.536s,PASSED
"setText(findTestObject(""Object Repository/Page_Gi hng - PLT SOLUTIONS (Panda Laptop)/textarea_Ghi ch_Note""), ghichu)",Chrome 135.0.7049.115,,,29-04-2025 10:59:21,29-04-2025 10:59:21,0.584s,PASSED
"click(findTestObject(""Object Repository/Page_Gi hng - PLT SOLUTIONS (Panda Laptop)/a_Tip tc mua hng""))",Chrome 135.0.7049.115,,,29-04-2025 10:59:21,29-04-2025 10:59:53,31.870s,PASSED
,,,,,,,
Test Cases/TCs_PLTpronet,Chrome 135.0.7049.115,,,29-04-2025 10:59:58,29-04-2025 11:01:52,1m - 53.277s,PASSED
"DATA BINDING - {""sodienthoai"":""898878676"",""diachi"":""Nguyen An Ninh street"",""hovaten"":""Tài Thanh"",""ghichu"":""giao hàng tận nơi"",""tongsoluong"":""1"",""soluong"":""1"",""email"":""taithanh1@gmail.com""}",,,,,,,
"openBrowser("""")",Chrome 135.0.7049.115,,,29-04-2025 10:59:58,29-04-2025 10:59:59,0.854s,PASSED
"navigateToUrl(""https://pltpro.net/san-pham/1766/lenovo-e580-thi-truong-nhat-manh-me-core-i5-th8-ram-8gb-ssd-128gb-hdd-500gb-pin-lau-3-4h"")",Chrome 135.0.7049.115,,,29-04-2025 10:59:59,29-04-2025 11:00:09,10.113s,PASSED
"setText(findTestObject(""Object Repository/Page_LENOVO E580 TH TRNG NHT MNH M, CORE I5_624966/input_S lng_Quantity""), soluong)",Chrome 135.0.7049.115,,,29-04-2025 11:00:09,29-04-2025 11:00:10,0.833s,PASSED
"click(findTestObject(""Object Repository/Page_LENOVO E580 TH TRNG NHT MNH M, CORE I5_624966/button_Thm vo gi hng""))",Chrome 135.0.7049.115,,,29-04-2025 11:00:10,29-04-2025 11:00:10,0.344s,PASSED
"setText(findTestObject(""Object Repository/Page_Gi hng - PLT SOLUTIONS (Panda Laptop)/input_LENOVO E580 TH TRNG NHT MNH  M, CORE _f3f92c""), tongsoluong)",Chrome 135.0.7049.115,,,29-04-2025 11:00:10,29-04-2025 11:00:12,1.508s,PASSED
"setText(findTestObject(""Object Repository/Page_Gi hng - PLT SOLUTIONS (Panda Laptop)/input__Name""), hovaten)",Chrome 135.0.7049.115,,,29-04-2025 11:00:12,29-04-2025 11:00:12,0.540s,PASSED
"setText(findTestObject(""Object Repository/Page_Gi hng - PLT SOLUTIONS (Panda Laptop)/input__Phone""), sodienthoai)",Chrome 135.0.7049.115,,,29-04-2025 11:00:12,29-04-2025 11:00:13,0.591s,PASSED
"setText(findTestObject(""Object Repository/Page_Gi hng - PLT SOLUTIONS (Panda Laptop)/input_Email_Email""), email)",Chrome 135.0.7049.115,,,29-04-2025 11:00:13,29-04-2025 11:00:14,0.539s,PASSED
"setText(findTestObject(""Object Repository/Page_Gi hng - PLT SOLUTIONS (Panda Laptop)/input_a ch_Address""), diachi)",Chrome 135.0.7049.115,,,29-04-2025 11:00:14,29-04-2025 11:00:14,0.581s,PASSED
"setText(findTestObject(""Object Repository/Page_Gi hng - PLT SOLUTIONS (Panda Laptop)/textarea_Ghi ch_Note""), ghichu)",Chrome 135.0.7049.115,,,29-04-2025 11:00:14,29-04-2025 11:00:15,0.545s,PASSED
"click(findTestObject(""Object Repository/Page_Gi hng - PLT SOLUTIONS (Panda Laptop)/a_Tip tc mua hng""))",Chrome 135.0.7049.115,,,29-04-2025 11:00:15,29-04-2025 11:01:52,1m - 36.812s,PASSED
,,,,,,,
Test Cases/TCs_PLTpronet,Chrome 135.0.7049.115,,,29-04-2025 11:01:52,29-04-2025 11:02:58,1m - 6.692s,PASSED
"DATA BINDING - {""sodienthoai"":""898878676"",""diachi"":""Nguyen An Ninh street"",""hovaten"":""Tài Thanh"",""ghichu"":""giao hàng tận nơi"",""tongsoluong"":""1"",""soluong"":""1"",""email"":""taithanh1@gmail.com""}",,,,,,,
"openBrowser("""")",Chrome 135.0.7049.115,,,29-04-2025 11:01:52,29-04-2025 11:01:53,0.989s,PASSED
"navigateToUrl(""https://pltpro.net/san-pham/1766/lenovo-e580-thi-truong-nhat-manh-me-core-i5-th8-ram-8gb-ssd-128gb-hdd-500gb-pin-lau-3-4h"")",Chrome 135.0.7049.115,,,29-04-2025 11:01:53,29-04-2025 11:01:59,6.471s,PASSED
"setText(findTestObject(""Object Repository/Page_LENOVO E580 TH TRNG NHT MNH M, CORE I5_624966/input_S lng_Quantity""), soluong)",Chrome 135.0.7049.115,,,29-04-2025 11:01:59,29-04-2025 11:02:00,0.851s,PASSED
"click(findTestObject(""Object Repository/Page_LENOVO E580 TH TRNG NHT MNH M, CORE I5_624966/button_Thm vo gi hng""))",Chrome 135.0.7049.115,,,29-04-2025 11:02:00,29-04-2025 11:02:00,0.330s,PASSED
"setText(findTestObject(""Object Repository/Page_Gi hng - PLT SOLUTIONS (Panda Laptop)/input_LENOVO E580 TH TRNG NHT MNH  M, CORE _f3f92c""), tongsoluong)",Chrome 135.0.7049.115,,,29-04-2025 11:02:00,29-04-2025 11:02:02,1.347s,PASSED
"setText(findTestObject(""Object Repository/Page_Gi hng - PLT SOLUTIONS (Panda Laptop)/input__Name""), hovaten)",Chrome 135.0.7049.115,,,29-04-2025 11:02:02,29-04-2025 11:02:02,0.551s,PASSED
"setText(findTestObject(""Object Repository/Page_Gi hng - PLT SOLUTIONS (Panda Laptop)/input__Phone""), sodienthoai)",Chrome 135.0.7049.115,,,29-04-2025 11:02:02,29-04-2025 11:02:03,0.548s,PASSED
"setText(findTestObject(""Object Repository/Page_Gi hng - PLT SOLUTIONS (Panda Laptop)/input_Email_Email""), email)",Chrome 135.0.7049.115,,,29-04-2025 11:02:03,29-04-2025 11:02:03,0.539s,PASSED
"setText(findTestObject(""Object Repository/Page_Gi hng - PLT SOLUTIONS (Panda Laptop)/input_a ch_Address""), diachi)",Chrome 135.0.7049.115,,,29-04-2025 11:02:03,29-04-2025 11:02:04,0.548s,PASSED
"setText(findTestObject(""Object Repository/Page_Gi hng - PLT SOLUTIONS (Panda Laptop)/textarea_Ghi ch_Note""), ghichu)",Chrome 135.0.7049.115,,,29-04-2025 11:02:04,29-04-2025 11:02:04,0.588s,PASSED
"click(findTestObject(""Object Repository/Page_Gi hng - PLT SOLUTIONS (Panda Laptop)/a_Tip tc mua hng""))",Chrome 135.0.7049.115,,,29-04-2025 11:02:04,29-04-2025 11:02:58,53.914s,PASSED
